title,company name,link
Data Analyst,Roles at YipitData,link is no available
Python Developer,Capgemini,https://indeed.com/cmp/Capgemini
Data Specialist,YipitData,link is no available
Digital Content Analyst,the NBA,https://indeed.com/cmp/National-Basketball-Association
Data Janitor (Remote),Leaf Logistics,link is no available
"Backend Engineer, Developer Experienc",Spotify,https://indeed.com/cmp/Spotify
Zinc Python Developer,Bank of America,https://indeed.com/cmp/Bank-of-America
"Data Analytics Program Manager, Google Career Certificates",Google,https://indeed.com/cmp/Google
Python Developer-1,TIAA,https://indeed.com/cmp/Tiaa
"Analyst, Customer Portfolio Analytics",PayPal,https://indeed.com/cmp/Paypal
Staff Security Engineer,Carta,https://indeed.com/cmp/Carta
Staff Product Security Engineer,Slack,https://indeed.com/cmp/Slack
Data Scientist Technical Lead,Google,https://indeed.com/cmp/Google
Python Software Engineer III,Bank of America,https://indeed.com/cmp/Bank-of-America
"Staff Data Scientist, Freemium",Spotify,https://indeed.com/cmp/Spotify
Software Engineer - Python/Cloud,"JPMorgan Chase Bank, N.A.",https://indeed.com/cmp/Chase-2
"Customer Solutions Engineer, Looker, Google Cloud",Google,https://indeed.com/cmp/Google
"Software Engineer, Ads Measurement",TikTok,https://indeed.com/cmp/Tiktok
Data Analyst,Superpedestrian,https://indeed.com/cmp/Superpedestrian
"Corporate Operations Engineer, Support, Research and Develop...",Google,https://indeed.com/cmp/Google
Senior Backend Engineer,CANDY,https://indeed.com/cmp/Candy
Senior Full-Stack Developer,CANDY,https://indeed.com/cmp/Candy
NetApp Resident Consultant – 100% REMOTE,Pyramid Technology Services,link is no available
2022 Software Engineer,Bloomberg,https://indeed.com/cmp/Bloomberg
Embedded Software Engineer C++,"MKS Instruments, Inc.",https://indeed.com/cmp/Mks-Instruments
C++ Developer (Associate),Alpha Beta Investments,link is no available
Backend Software Engineer,Sharp Notions LLC,link is no available
Backend Engineer,Alma,https://indeed.com/cmp/Alma-Spa
"Analyst, Customer Portfolio Analytics",PayPal,https://indeed.com/cmp/Paypal
NetApp Resident Consultant – 100% REMOTE,TSP,https://indeed.com/cmp/Technology-Service-Professionals-3
SPG Research- Analyst,"JPMorgan Chase Bank, N.A.",https://indeed.com/cmp/Chase-2
Junior Software Engineer,SpinCar,https://indeed.com/cmp/Spincar-6
Experienced Python/Django Contractor,stackbuilders,link is no available
Research Assistant,Columbia University,https://indeed.com/cmp/Columbia-University
Python Developer,Deloitte,https://indeed.com/cmp/Deloitte
Data Scientist II - Algorithmic Justice Specialist,American Civil Liberties Union,https://indeed.com/cmp/American-Civil-Liberties-Union
"Statistician, Global Media Lab",Google,https://indeed.com/cmp/Google
Data Scientist,DojoMojo,link is no available
DATA SCIENTIST,Harmony Labs,https://indeed.com/cmp/Harmony-Labs
"Technical Lead, Internal IT Support",Google,https://indeed.com/cmp/Google
Research Scientist,NYU Langone,https://indeed.com/cmp/Nyu-Langone-Health
"Marketing Analyst, Ads Marketing Analytics",Google,https://indeed.com/cmp/Google
"Opportunities Analyst, YouTub",YouTube,https://indeed.com/cmp/Youtube
SOFTWARE ENGINEER,Harmony Labs,https://indeed.com/cmp/Harmony-Labs
"Quantitative Marketing Scientist, Research and Insights, Ads...",Google,https://indeed.com/cmp/Google
Python Developers,Intone Networks,https://indeed.com/cmp/Intone-Networks
Core Java Software Engineer II,Bank of America,https://indeed.com/cmp/Bank-of-America
Security Engineer,OkCupid,https://indeed.com/cmp/Okcupid
Advertising Analytics Associat,Spotify,https://indeed.com/cmp/Spotify
Associate Data Science Analyst,Scholastic,https://indeed.com/cmp/Scholastic
Applied Data Scientist (Remote),Leaf Logistics,link is no available
Software Developer,IBM,https://indeed.com/cmp/IBM
Quantitative Research Group,Quantitative Brokers,link is no available
"Analyst, Global Performance, Google Customer Solutions",Google,https://indeed.com/cmp/Google
"Quantitative Marketing Scientist, Research and Insights, Ads...",Google,https://indeed.com/cmp/Google
"Associate, YouTub",YouTube,https://indeed.com/cmp/Youtube
Career Skills Instructor,Research Foundation of The City University of New...,https://indeed.com/cmp/Research-Foundation-Cuny
Analytics Engineer (remote),Caper,link is no available
Backend engineer,Trood,link is no available
"Corporate Operations Engineer, Support, Research and Develop...",Google,https://indeed.com/cmp/Google
Central Risk Book - Quant,Morgan Stanley,https://indeed.com/cmp/Morgan-Stanley
Backend Engineer,Alma,https://indeed.com/cmp/Alma-Spa
Quantitative Researcher (Associate),Alpha Beta Investments,link is no available
"Software Engineer, Ads Measurement",TikTok,https://indeed.com/cmp/Tiktok
Business Analyst,Amex,https://indeed.com/cmp/American-Express
Senior Backend Engineer,CANDY,https://indeed.com/cmp/Candy
"Business Intelligence Lead, Legal",Google,https://indeed.com/cmp/Google
Quantitative Equities Analyst,"JPMorgan Chase Bank, N.A.",https://indeed.com/cmp/Chase-2
Data Analyst,Hulu,https://indeed.com/cmp/Hulu
Group Analyst,Snapchat,https://indeed.com/cmp/Snap-Inc.
C++ Developer (Associate),Alpha Beta Investments,link is no available
Senior Backend Software .NET Engineer,Memorial Sloan Kettering Cancer Center,https://indeed.com/cmp/Memorial-Sloan-Kettering
Lead Design Technologist,Slack,https://indeed.com/cmp/Slack
Data Scientist,Outten & Golden,https://indeed.com/cmp/Outten-&-Golden-LLP
"Data Scientist, Algorithms",Bowery Farming,https://indeed.com/cmp/Bowery-Farming
